id,static_fk,name,incrementing_fk,interpolated_incrementing_fk
1,33,bobby,1,aaa1
2,33,bobby,2,aaa2
3,33,bobby,3,aaa3
4,33,bobby,4,aaa4
5,33,bobby,5,aaa5
6,33,bobby,6,aaa6
7,33,bobby,7,aaa7
8,33,bobby,8,aaa8
9,33,bobby,9,aaa9
10,33,bobby,10,aaa10
11,33,bobby,11,aaa11
12,33,bobby,12,aaa12
13,33,bobby,13,aaa13
14,33,bobby,14,aaa14
15,33,bobby,15,aaa15
16,33,bobby,16,aaa16
17,33,bobby,17,aaa17
18,33,bobby,18,aaa18
19,33,bobby,19,aaa19
20,33,bobby,20,aaa20
21,33,bobby,21,aaa21
22,33,bobby,22,aaa22
23,33,bobby,23,aaa23
24,33,bobby,24,aaa24
25,33,bobby,25,aaa25
26,33,bobby,26,aaa26
27,33,bobby,27,aaa27
28,33,bobby,28,aaa28
29,33,bobby,29,aaa29
30,33,bobby,30,aaa30
31,33,bobby,31,aaa31
32,33,bobby,32,aaa32
33,33,bobby,33,aaa33
34,33,bobby,34,aaa34
35,33,bobby,35,aaa35
36,33,bobby,36,aaa36
37,33,bobby,37,aaa37
38,33,bobby,38,aaa38
39,33,bobby,39,aaa39
40,33,bobby,40,aaa40
41,33,bobby,41,aaa41
42,33,bobby,42,aaa42
43,33,bobby,43,aaa43
44,33,bobby,44,aaa44
45,33,bobby,45,aaa45
46,33,bobby,46,aaa46
47,33,bobby,47,aaa47
48,33,bobby,48,aaa48
49,33,bobby,49,aaa49
50,33,bobby,50,aaa50
51,33,bobby,51,aaa51
52,33,bobby,52,aaa52
53,33,bobby,53,aaa53
54,33,bobby,54,aaa54
55,33,bobby,55,aaa55
56,33,bobby,56,aaa56
57,33,bobby,57,aaa57
58,33,bobby,58,aaa58
59,33,bobby,59,aaa59
60,33,bobby,60,aaa60
61,33,bobby,61,aaa61
62,33,bobby,62,aaa62
63,33,bobby,63,aaa63
64,33,bobby,64,aaa64
65,33,bobby,65,aaa65
66,33,bobby,66,aaa66
67,33,bobby,67,aaa67
68,33,bobby,68,aaa68
69,33,bobby,69,aaa69
70,33,bobby,70,aaa70
71,33,bobby,71,aaa71
72,33,bobby,72,aaa72
73,33,bobby,73,aaa73
74,33,bobby,74,aaa74
75,33,bobby,75,aaa75
76,33,bobby,76,aaa76
77,33,bobby,77,aaa77
78,33,bobby,78,aaa78
79,33,bobby,79,aaa79
80,33,bobby,80,aaa80
81,33,bobby,81,aaa81
82,33,bobby,82,aaa82
83,33,bobby,83,aaa83
84,33,bobby,84,aaa84
85,33,bobby,85,aaa85
86,33,bobby,86,aaa86
87,33,bobby,87,aaa87
88,33,bobby,88,aaa88
89,33,bobby,89,aaa89
90,33,bobby,90,aaa90
91,33,bobby,91,aaa91
92,33,bobby,92,aaa92
93,33,bobby,93,aaa93
94,33,bobby,94,aaa94
95,33,bobby,95,aaa95
96,33,bobby,96,aaa96
97,33,bobby,97,aaa97
98,33,bobby,98,aaa98
99,33,bobby,99,aaa99
100,33,bobby,100,aaa100
101,33,bobby,101,aaa101
102,33,bobby,102,aaa102
103,33,bobby,103,aaa103
104,33,bobby,104,aaa104
105,33,bobby,105,aaa105
106,33,bobby,106,aaa106
107,33,bobby,107,aaa107
108,33,bobby,108,aaa108
109,33,bobby,109,aaa109
110,33,bobby,110,aaa110
111,33,bobby,111,aaa111
112,33,bobby,112,aaa112
113,33,bobby,113,aaa113
114,33,bobby,114,aaa114
115,33,bobby,115,aaa115
116,33,bobby,116,aaa116
117,33,bobby,117,aaa117
118,33,bobby,118,aaa118
119,33,bobby,119,aaa119
120,33,bobby,120,aaa120
121,33,bobby,121,aaa121
122,33,bobby,122,aaa122
123,33,bobby,123,aaa123
124,33,bobby,124,aaa124
125,33,bobby,125,aaa125
126,33,bobby,126,aaa126
127,33,bobby,127,aaa127
128,33,bobby,128,aaa128
129,33,bobby,129,aaa129
130,33,bobby,130,aaa130
131,33,bobby,131,aaa131
132,33,bobby,132,aaa132
133,33,bobby,133,aaa133
134,33,bobby,134,aaa134
135,33,bobby,135,aaa135
136,33,bobby,136,aaa136
137,33,bobby,137,aaa137
138,33,bobby,138,aaa138
139,33,bobby,139,aaa139
140,33,bobby,140,aaa140
141,33,bobby,141,aaa141
142,33,bobby,142,aaa142
143,33,bobby,143,aaa143
144,33,bobby,144,aaa144
145,33,bobby,145,aaa145
146,33,bobby,146,aaa146
147,33,bobby,147,aaa147
148,33,bobby,148,aaa148
149,33,bobby,149,aaa149
150,33,bobby,150,aaa150
151,33,bobby,151,aaa151
152,33,bobby,152,aaa152
153,33,bobby,153,aaa153
154,33,bobby,154,aaa154
155,33,bobby,155,aaa155
156,33,bobby,156,aaa156
157,33,bobby,157,aaa157
158,33,bobby,158,aaa158
159,33,bobby,159,aaa159
160,33,bobby,160,aaa160
161,33,bobby,161,aaa161
162,33,bobby,162,aaa162
163,33,bobby,163,aaa163
164,33,bobby,164,aaa164
165,33,bobby,165,aaa165
166,33,bobby,166,aaa166
167,33,bobby,167,aaa167
168,33,bobby,168,aaa168
169,33,bobby,169,aaa169
170,33,bobby,170,aaa170
171,33,bobby,171,aaa171
172,33,bobby,172,aaa172
173,33,bobby,173,aaa173
174,33,bobby,174,aaa174
175,33,bobby,175,aaa175
176,33,bobby,176,aaa176
177,33,bobby,177,aaa177
178,33,bobby,178,aaa178
179,33,bobby,179,aaa179
180,33,bobby,180,aaa180
181,33,bobby,181,aaa181
182,33,bobby,182,aaa182
183,33,bobby,183,aaa183
184,33,bobby,184,aaa184
185,33,bobby,185,aaa185
186,33,bobby,186,aaa186
187,33,bobby,187,aaa187
188,33,bobby,188,aaa188
189,33,bobby,189,aaa189
190,33,bobby,190,aaa190
191,33,bobby,191,aaa191
192,33,bobby,192,aaa192
193,33,bobby,193,aaa193
194,33,bobby,194,aaa194
195,33,bobby,195,aaa195
196,33,bobby,196,aaa196
197,33,bobby,197,aaa197
198,33,bobby,198,aaa198
199,33,bobby,199,aaa199
200,33,bobby,200,aaa200
201,33,bobby,201,aaa201
202,33,bobby,202,aaa202
203,33,bobby,203,aaa203
204,33,bobby,204,aaa204
205,33,bobby,205,aaa205
206,33,bobby,206,aaa206
207,33,bobby,207,aaa207
208,33,bobby,208,aaa208
209,33,bobby,209,aaa209
210,33,bobby,210,aaa210
211,33,bobby,211,aaa211
212,33,bobby,212,aaa212
213,33,bobby,213,aaa213
214,33,bobby,214,aaa214
215,33,bobby,215,aaa215
216,33,bobby,216,aaa216
217,33,bobby,217,aaa217
218,33,bobby,218,aaa218
219,33,bobby,219,aaa219
220,33,bobby,220,aaa220
221,33,bobby,221,aaa221
222,33,bobby,222,aaa222
223,33,bobby,223,aaa223
224,33,bobby,224,aaa224
225,33,bobby,225,aaa225
226,33,bobby,226,aaa226
227,33,bobby,227,aaa227
228,33,bobby,228,aaa228
229,33,bobby,229,aaa229
230,33,bobby,230,aaa230
231,33,bobby,231,aaa231
232,33,bobby,232,aaa232
233,33,bobby,233,aaa233
234,33,bobby,234,aaa234
235,33,bobby,235,aaa235
236,33,bobby,236,aaa236
237,33,bobby,237,aaa237
238,33,bobby,238,aaa238
239,33,bobby,239,aaa239
240,33,bobby,240,aaa240
241,33,bobby,241,aaa241
242,33,bobby,242,aaa242
243,33,bobby,243,aaa243
244,33,bobby,244,aaa244
245,33,bobby,245,aaa245
246,33,bobby,246,aaa246
247,33,bobby,247,aaa247
248,33,bobby,248,aaa248
249,33,bobby,249,aaa249
250,33,bobby,250,aaa250
251,33,bobby,251,aaa251
252,33,bobby,252,aaa252
253,33,bobby,253,aaa253
254,33,bobby,254,aaa254
255,33,bobby,255,aaa255
256,33,bobby,256,aaa256
257,33,bobby,257,aaa257
258,33,bobby,258,aaa258
259,33,bobby,259,aaa259
260,33,bobby,260,aaa260
261,33,bobby,261,aaa261
262,33,bobby,262,aaa262
263,33,bobby,263,aaa263
264,33,bobby,264,aaa264
265,33,bobby,265,aaa265
266,33,bobby,266,aaa266
267,33,bobby,267,aaa267
268,33,bobby,268,aaa268
269,33,bobby,269,aaa269
270,33,bobby,270,aaa270
271,33,bobby,271,aaa271
272,33,bobby,272,aaa272
273,33,bobby,273,aaa273
274,33,bobby,274,aaa274
275,33,bobby,275,aaa275
276,33,bobby,276,aaa276
277,33,bobby,277,aaa277
278,33,bobby,278,aaa278
279,33,bobby,279,aaa279
280,33,bobby,280,aaa280
281,33,bobby,281,aaa281
282,33,bobby,282,aaa282
283,33,bobby,283,aaa283
284,33,bobby,284,aaa284
285,33,bobby,285,aaa285
286,33,bobby,286,aaa286
287,33,bobby,287,aaa287
288,33,bobby,288,aaa288
289,33,bobby,289,aaa289
290,33,bobby,290,aaa290
291,33,bobby,291,aaa291
292,33,bobby,292,aaa292
293,33,bobby,293,aaa293
294,33,bobby,294,aaa294
295,33,bobby,295,aaa295
296,33,bobby,296,aaa296
297,33,bobby,297,aaa297
298,33,bobby,298,aaa298
299,33,bobby,299,aaa299
300,33,bobby,300,aaa300
301,33,bobby,301,aaa301
302,33,bobby,302,aaa302
303,33,bobby,303,aaa303
304,33,bobby,304,aaa304
305,33,bobby,305,aaa305
306,33,bobby,306,aaa306
307,33,bobby,307,aaa307
308,33,bobby,308,aaa308
309,33,bobby,309,aaa309
310,33,bobby,310,aaa310
311,33,bobby,311,aaa311
312,33,bobby,312,aaa312
313,33,bobby,313,aaa313
314,33,bobby,314,aaa314
315,33,bobby,315,aaa315
316,33,bobby,316,aaa316
317,33,bobby,317,aaa317
318,33,bobby,318,aaa318
319,33,bobby,319,aaa319
320,33,bobby,320,aaa320
321,33,bobby,321,aaa321
322,33,bobby,322,aaa322
323,33,bobby,323,aaa323
324,33,bobby,324,aaa324
325,33,bobby,325,aaa325
326,33,bobby,326,aaa326
327,33,bobby,327,aaa327
328,33,bobby,328,aaa328
329,33,bobby,329,aaa329
330,33,bobby,330,aaa330
331,33,bobby,331,aaa331
332,33,bobby,332,aaa332
333,33,bobby,333,aaa333
334,33,bobby,334,aaa334
335,33,bobby,335,aaa335
336,33,bobby,336,aaa336
337,33,bobby,337,aaa337
338,33,bobby,338,aaa338
339,33,bobby,339,aaa339
340,33,bobby,340,aaa340
341,33,bobby,341,aaa341
342,33,bobby,342,aaa342
343,33,bobby,343,aaa343
344,33,bobby,344,aaa344
345,33,bobby,345,aaa345
346,33,bobby,346,aaa346
347,33,bobby,347,aaa347
348,33,bobby,348,aaa348
349,33,bobby,349,aaa349
350,33,bobby,350,aaa350
351,33,bobby,351,aaa351
352,33,bobby,352,aaa352
353,33,bobby,353,aaa353
354,33,bobby,354,aaa354
355,33,bobby,355,aaa355
356,33,bobby,356,aaa356
357,33,bobby,357,aaa357
358,33,bobby,358,aaa358
359,33,bobby,359,aaa359
360,33,bobby,360,aaa360
361,33,bobby,361,aaa361
362,33,bobby,362,aaa362
363,33,bobby,363,aaa363
364,33,bobby,364,aaa364
365,33,bobby,365,aaa365
366,33,bobby,366,aaa366
367,33,bobby,367,aaa367
368,33,bobby,368,aaa368
369,33,bobby,369,aaa369
370,33,bobby,370,aaa370
371,33,bobby,371,aaa371
372,33,bobby,372,aaa372
373,33,bobby,373,aaa373
374,33,bobby,374,aaa374
375,33,bobby,375,aaa375
376,33,bobby,376,aaa376
377,33,bobby,377,aaa377
378,33,bobby,378,aaa378
379,33,bobby,379,aaa379
380,33,bobby,380,aaa380
381,33,bobby,381,aaa381
382,33,bobby,382,aaa382
383,33,bobby,383,aaa383
384,33,bobby,384,aaa384
385,33,bobby,385,aaa385
386,33,bobby,386,aaa386
387,33,bobby,387,aaa387
388,33,bobby,388,aaa388
389,33,bobby,389,aaa389
390,33,bobby,390,aaa390
391,33,bobby,391,aaa391
392,33,bobby,392,aaa392
393,33,bobby,393,aaa393
394,33,bobby,394,aaa394
395,33,bobby,395,aaa395
396,33,bobby,396,aaa396
397,33,bobby,397,aaa397
398,33,bobby,398,aaa398
399,33,bobby,399,aaa399
400,33,bobby,400,aaa400
401,33,bobby,401,aaa401
402,33,bobby,402,aaa402
403,33,bobby,403,aaa403
404,33,bobby,404,aaa404
405,33,bobby,405,aaa405
406,33,bobby,406,aaa406
407,33,bobby,407,aaa407
408,33,bobby,408,aaa408
409,33,bobby,409,aaa409
410,33,bobby,410,aaa410
411,33,bobby,411,aaa411
412,33,bobby,412,aaa412
413,33,bobby,413,aaa413
414,33,bobby,414,aaa414
415,33,bobby,415,aaa415
416,33,bobby,416,aaa416
417,33,bobby,417,aaa417
418,33,bobby,418,aaa418
419,33,bobby,419,aaa419
420,33,bobby,420,aaa420
421,33,bobby,421,aaa421
422,33,bobby,422,aaa422
423,33,bobby,423,aaa423
424,33,bobby,424,aaa424
425,33,bobby,425,aaa425
426,33,bobby,426,aaa426
427,33,bobby,427,aaa427
428,33,bobby,428,aaa428
429,33,bobby,429,aaa429
430,33,bobby,430,aaa430
431,33,bobby,431,aaa431
432,33,bobby,432,aaa432
433,33,bobby,433,aaa433
434,33,bobby,434,aaa434
435,33,bobby,435,aaa435
436,33,bobby,436,aaa436
437,33,bobby,437,aaa437
438,33,bobby,438,aaa438
439,33,bobby,439,aaa439
440,33,bobby,440,aaa440
441,33,bobby,441,aaa441
442,33,bobby,442,aaa442
443,33,bobby,443,aaa443
444,33,bobby,444,aaa444
445,33,bobby,445,aaa445
446,33,bobby,446,aaa446
447,33,bobby,447,aaa447
448,33,bobby,448,aaa448
449,33,bobby,449,aaa449
450,33,bobby,450,aaa450
451,33,bobby,451,aaa451
452,33,bobby,452,aaa452
453,33,bobby,453,aaa453
454,33,bobby,454,aaa454
455,33,bobby,455,aaa455
456,33,bobby,456,aaa456
457,33,bobby,457,aaa457
458,33,bobby,458,aaa458
459,33,bobby,459,aaa459
460,33,bobby,460,aaa460
461,33,bobby,461,aaa461
462,33,bobby,462,aaa462
463,33,bobby,463,aaa463
464,33,bobby,464,aaa464
465,33,bobby,465,aaa465
466,33,bobby,466,aaa466
467,33,bobby,467,aaa467
468,33,bobby,468,aaa468
469,33,bobby,469,aaa469
470,33,bobby,470,aaa470
471,33,bobby,471,aaa471
472,33,bobby,472,aaa472
473,33,bobby,473,aaa473
474,33,bobby,474,aaa474
475,33,bobby,475,aaa475
476,33,bobby,476,aaa476
477,33,bobby,477,aaa477
478,33,bobby,478,aaa478
479,33,bobby,479,aaa479
480,33,bobby,480,aaa480
481,33,bobby,481,aaa481
482,33,bobby,482,aaa482
483,33,bobby,483,aaa483
484,33,bobby,484,aaa484
485,33,bobby,485,aaa485
486,33,bobby,486,aaa486
487,33,bobby,487,aaa487
488,33,bobby,488,aaa488
489,33,bobby,489,aaa489
490,33,bobby,490,aaa490
491,33,bobby,491,aaa491
492,33,bobby,492,aaa492
493,33,bobby,493,aaa493
494,33,bobby,494,aaa494
495,33,bobby,495,aaa495
496,33,bobby,496,aaa496
497,33,bobby,497,aaa497
498,33,bobby,498,aaa498
499,33,bobby,499,aaa499
500,33,bobby,500,aaa500
501,33,bobby,501,aaa501
502,33,bobby,502,aaa502
503,33,bobby,503,aaa503
504,33,bobby,504,aaa504
505,33,bobby,505,aaa505
506,33,bobby,506,aaa506
507,33,bobby,507,aaa507
508,33,bobby,508,aaa508
509,33,bobby,509,aaa509
510,33,bobby,510,aaa510
511,33,bobby,511,aaa511
512,33,bobby,512,aaa512
513,33,bobby,513,aaa513
514,33,bobby,514,aaa514
515,33,bobby,515,aaa515
516,33,bobby,516,aaa516
517,33,bobby,517,aaa517
518,33,bobby,518,aaa518
519,33,bobby,519,aaa519
520,33,bobby,520,aaa520
521,33,bobby,521,aaa521
522,33,bobby,522,aaa522
523,33,bobby,523,aaa523
524,33,bobby,524,aaa524
525,33,bobby,525,aaa525
526,33,bobby,526,aaa526
527,33,bobby,527,aaa527
528,33,bobby,528,aaa528
529,33,bobby,529,aaa529
530,33,bobby,530,aaa530
531,33,bobby,531,aaa531
532,33,bobby,532,aaa532
533,33,bobby,533,aaa533
534,33,bobby,534,aaa534
535,33,bobby,535,aaa535
536,33,bobby,536,aaa536
537,33,bobby,537,aaa537
538,33,bobby,538,aaa538
539,33,bobby,539,aaa539
540,33,bobby,540,aaa540
541,33,bobby,541,aaa541
542,33,bobby,542,aaa542
543,33,bobby,543,aaa543
544,33,bobby,544,aaa544
545,33,bobby,545,aaa545
546,33,bobby,546,aaa546
547,33,bobby,547,aaa547
548,33,bobby,548,aaa548
549,33,bobby,549,aaa549
550,33,bobby,550,aaa550
551,33,bobby,551,aaa551
552,33,bobby,552,aaa552
553,33,bobby,553,aaa553
554,33,bobby,554,aaa554
555,33,bobby,555,aaa555
556,33,bobby,556,aaa556
557,33,bobby,557,aaa557
558,33,bobby,558,aaa558
559,33,bobby,559,aaa559
560,33,bobby,560,aaa560
561,33,bobby,561,aaa561
562,33,bobby,562,aaa562
563,33,bobby,563,aaa563
564,33,bobby,564,aaa564
565,33,bobby,565,aaa565
566,33,bobby,566,aaa566
567,33,bobby,567,aaa567
568,33,bobby,568,aaa568
569,33,bobby,569,aaa569
570,33,bobby,570,aaa570
571,33,bobby,571,aaa571
572,33,bobby,572,aaa572
573,33,bobby,573,aaa573
574,33,bobby,574,aaa574
575,33,bobby,575,aaa575
576,33,bobby,576,aaa576
577,33,bobby,577,aaa577
578,33,bobby,578,aaa578
579,33,bobby,579,aaa579
580,33,bobby,580,aaa580
581,33,bobby,581,aaa581
582,33,bobby,582,aaa582
583,33,bobby,583,aaa583
584,33,bobby,584,aaa584
585,33,bobby,585,aaa585
586,33,bobby,586,aaa586
587,33,bobby,587,aaa587
588,33,bobby,588,aaa588
589,33,bobby,589,aaa589
590,33,bobby,590,aaa590
591,33,bobby,591,aaa591
592,33,bobby,592,aaa592
593,33,bobby,593,aaa593
594,33,bobby,594,aaa594
595,33,bobby,595,aaa595
596,33,bobby,596,aaa596
597,33,bobby,597,aaa597
598,33,bobby,598,aaa598
599,33,bobby,599,aaa599
600,33,bobby,600,aaa600
601,33,bobby,601,aaa601
602,33,bobby,602,aaa602
603,33,bobby,603,aaa603
604,33,bobby,604,aaa604
605,33,bobby,605,aaa605
606,33,bobby,606,aaa606
607,33,bobby,607,aaa607
608,33,bobby,608,aaa608
609,33,bobby,609,aaa609
610,33,bobby,610,aaa610
611,33,bobby,611,aaa611
612,33,bobby,612,aaa612
613,33,bobby,613,aaa613
614,33,bobby,614,aaa614
615,33,bobby,615,aaa615
616,33,bobby,616,aaa616
617,33,bobby,617,aaa617
618,33,bobby,618,aaa618
619,33,bobby,619,aaa619
620,33,bobby,620,aaa620
621,33,bobby,621,aaa621
622,33,bobby,622,aaa622
623,33,bobby,623,aaa623
624,33,bobby,624,aaa624
625,33,bobby,625,aaa625
626,33,bobby,626,aaa626
627,33,bobby,627,aaa627
628,33,bobby,628,aaa628
629,33,bobby,629,aaa629
630,33,bobby,630,aaa630
631,33,bobby,631,aaa631
632,33,bobby,632,aaa632
633,33,bobby,633,aaa633
634,33,bobby,634,aaa634
635,33,bobby,635,aaa635
636,33,bobby,636,aaa636
637,33,bobby,637,aaa637
638,33,bobby,638,aaa638
639,33,bobby,639,aaa639
640,33,bobby,640,aaa640
641,33,bobby,641,aaa641
642,33,bobby,642,aaa642
643,33,bobby,643,aaa643
644,33,bobby,644,aaa644
645,33,bobby,645,aaa645
646,33,bobby,646,aaa646
647,33,bobby,647,aaa647
648,33,bobby,648,aaa648
649,33,bobby,649,aaa649
650,33,bobby,650,aaa650
651,33,bobby,651,aaa651
652,33,bobby,652,aaa652
653,33,bobby,653,aaa653
654,33,bobby,654,aaa654
655,33,bobby,655,aaa655
656,33,bobby,656,aaa656
657,33,bobby,657,aaa657
658,33,bobby,658,aaa658
659,33,bobby,659,aaa659
660,33,bobby,660,aaa660
661,33,bobby,661,aaa661
662,33,bobby,662,aaa662
663,33,bobby,663,aaa663
664,33,bobby,664,aaa664
665,33,bobby,665,aaa665
666,33,bobby,666,aaa666
667,33,bobby,667,aaa667
668,33,bobby,668,aaa668
669,33,bobby,669,aaa669
670,33,bobby,670,aaa670
671,33,bobby,671,aaa671
672,33,bobby,672,aaa672
673,33,bobby,673,aaa673
674,33,bobby,674,aaa674
675,33,bobby,675,aaa675
676,33,bobby,676,aaa676
677,33,bobby,677,aaa677
678,33,bobby,678,aaa678
679,33,bobby,679,aaa679
680,33,bobby,680,aaa680
681,33,bobby,681,aaa681
682,33,bobby,682,aaa682
683,33,bobby,683,aaa683
684,33,bobby,684,aaa684
685,33,bobby,685,aaa685
686,33,bobby,686,aaa686
687,33,bobby,687,aaa687
688,33,bobby,688,aaa688
689,33,bobby,689,aaa689
690,33,bobby,690,aaa690
691,33,bobby,691,aaa691
692,33,bobby,692,aaa692
693,33,bobby,693,aaa693
694,33,bobby,694,aaa694
695,33,bobby,695,aaa695
696,33,bobby,696,aaa696
697,33,bobby,697,aaa697
698,33,bobby,698,aaa698
699,33,bobby,699,aaa699
700,33,bobby,700,aaa700
701,33,bobby,701,aaa701
702,33,bobby,702,aaa702
703,33,bobby,703,aaa703
704,33,bobby,704,aaa704
705,33,bobby,705,aaa705
706,33,bobby,706,aaa706
707,33,bobby,707,aaa707
708,33,bobby,708,aaa708
709,33,bobby,709,aaa709
710,33,bobby,710,aaa710
711,33,bobby,711,aaa711
712,33,bobby,712,aaa712
713,33,bobby,713,aaa713
714,33,bobby,714,aaa714
715,33,bobby,715,aaa715
716,33,bobby,716,aaa716
717,33,bobby,717,aaa717
718,33,bobby,718,aaa718
719,33,bobby,719,aaa719
720,33,bobby,720,aaa720
721,33,bobby,721,aaa721
722,33,bobby,722,aaa722
723,33,bobby,723,aaa723
724,33,bobby,724,aaa724
725,33,bobby,725,aaa725
726,33,bobby,726,aaa726
727,33,bobby,727,aaa727
728,33,bobby,728,aaa728
729,33,bobby,729,aaa729
730,33,bobby,730,aaa730
731,33,bobby,731,aaa731
732,33,bobby,732,aaa732
733,33,bobby,733,aaa733
734,33,bobby,734,aaa734
735,33,bobby,735,aaa735
736,33,bobby,736,aaa736
737,33,bobby,737,aaa737
738,33,bobby,738,aaa738
739,33,bobby,739,aaa739
740,33,bobby,740,aaa740
741,33,bobby,741,aaa741
742,33,bobby,742,aaa742
743,33,bobby,743,aaa743
744,33,bobby,744,aaa744
745,33,bobby,745,aaa745
746,33,bobby,746,aaa746
747,33,bobby,747,aaa747
748,33,bobby,748,aaa748
749,33,bobby,749,aaa749
750,33,bobby,750,aaa750
751,33,bobby,751,aaa751
752,33,bobby,752,aaa752
753,33,bobby,753,aaa753
754,33,bobby,754,aaa754
755,33,bobby,755,aaa755
756,33,bobby,756,aaa756
757,33,bobby,757,aaa757
758,33,bobby,758,aaa758
759,33,bobby,759,aaa759
760,33,bobby,760,aaa760
761,33,bobby,761,aaa761
762,33,bobby,762,aaa762
763,33,bobby,763,aaa763
764,33,bobby,764,aaa764
765,33,bobby,765,aaa765
766,33,bobby,766,aaa766
767,33,bobby,767,aaa767
768,33,bobby,768,aaa768
769,33,bobby,769,aaa769
770,33,bobby,770,aaa770
771,33,bobby,771,aaa771
772,33,bobby,772,aaa772
773,33,bobby,773,aaa773
774,33,bobby,774,aaa774
775,33,bobby,775,aaa775
776,33,bobby,776,aaa776
777,33,bobby,777,aaa777
778,33,bobby,778,aaa778
779,33,bobby,779,aaa779
780,33,bobby,780,aaa780
781,33,bobby,781,aaa781
782,33,bobby,782,aaa782
783,33,bobby,783,aaa783
784,33,bobby,784,aaa784
785,33,bobby,785,aaa785
786,33,bobby,786,aaa786
787,33,bobby,787,aaa787
788,33,bobby,788,aaa788
789,33,bobby,789,aaa789
790,33,bobby,790,aaa790
791,33,bobby,791,aaa791
792,33,bobby,792,aaa792
793,33,bobby,793,aaa793
794,33,bobby,794,aaa794
795,33,bobby,795,aaa795
796,33,bobby,796,aaa796
797,33,bobby,797,aaa797
798,33,bobby,798,aaa798
799,33,bobby,799,aaa799
800,33,bobby,800,aaa800
801,33,bobby,801,aaa801
802,33,bobby,802,aaa802
803,33,bobby,803,aaa803
804,33,bobby,804,aaa804
805,33,bobby,805,aaa805
806,33,bobby,806,aaa806
807,33,bobby,807,aaa807
808,33,bobby,808,aaa808
809,33,bobby,809,aaa809
810,33,bobby,810,aaa810
811,33,bobby,811,aaa811
812,33,bobby,812,aaa812
813,33,bobby,813,aaa813
814,33,bobby,814,aaa814
815,33,bobby,815,aaa815
816,33,bobby,816,aaa816
817,33,bobby,817,aaa817
818,33,bobby,818,aaa818
819,33,bobby,819,aaa819
820,33,bobby,820,aaa820
821,33,bobby,821,aaa821
822,33,bobby,822,aaa822
823,33,bobby,823,aaa823
824,33,bobby,824,aaa824
825,33,bobby,825,aaa825
826,33,bobby,826,aaa826
827,33,bobby,827,aaa827
828,33,bobby,828,aaa828
829,33,bobby,829,aaa829
830,33,bobby,830,aaa830
831,33,bobby,831,aaa831
832,33,bobby,832,aaa832
833,33,bobby,833,aaa833
834,33,bobby,834,aaa834
835,33,bobby,835,aaa835
836,33,bobby,836,aaa836
837,33,bobby,837,aaa837
838,33,bobby,838,aaa838
839,33,bobby,839,aaa839
840,33,bobby,840,aaa840
841,33,bobby,841,aaa841
842,33,bobby,842,aaa842
843,33,bobby,843,aaa843
844,33,bobby,844,aaa844
845,33,bobby,845,aaa845
846,33,bobby,846,aaa846
847,33,bobby,847,aaa847
848,33,bobby,848,aaa848
849,33,bobby,849,aaa849
850,33,bobby,850,aaa850
851,33,bobby,851,aaa851
852,33,bobby,852,aaa852
853,33,bobby,853,aaa853
854,33,bobby,854,aaa854
855,33,bobby,855,aaa855
856,33,bobby,856,aaa856
857,33,bobby,857,aaa857
858,33,bobby,858,aaa858
859,33,bobby,859,aaa859
860,33,bobby,860,aaa860
861,33,bobby,861,aaa861
862,33,bobby,862,aaa862
863,33,bobby,863,aaa863
864,33,bobby,864,aaa864
865,33,bobby,865,aaa865
866,33,bobby,866,aaa866
867,33,bobby,867,aaa867
868,33,bobby,868,aaa868
869,33,bobby,869,aaa869
870,33,bobby,870,aaa870
871,33,bobby,871,aaa871
872,33,bobby,872,aaa872
873,33,bobby,873,aaa873
874,33,bobby,874,aaa874
875,33,bobby,875,aaa875
876,33,bobby,876,aaa876
877,33,bobby,877,aaa877
878,33,bobby,878,aaa878
879,33,bobby,879,aaa879
880,33,bobby,880,aaa880
881,33,bobby,881,aaa881
882,33,bobby,882,aaa882
883,33,bobby,883,aaa883
884,33,bobby,884,aaa884
885,33,bobby,885,aaa885
886,33,bobby,886,aaa886
887,33,bobby,887,aaa887
888,33,bobby,888,aaa888
889,33,bobby,889,aaa889
890,33,bobby,890,aaa890
891,33,bobby,891,aaa891
892,33,bobby,892,aaa892
893,33,bobby,893,aaa893
894,33,bobby,894,aaa894
895,33,bobby,895,aaa895
896,33,bobby,896,aaa896
897,33,bobby,897,aaa897
898,33,bobby,898,aaa898
899,33,bobby,899,aaa899
900,33,bobby,900,aaa900
901,33,bobby,901,aaa901
902,33,bobby,902,aaa902
903,33,bobby,903,aaa903
904,33,bobby,904,aaa904
905,33,bobby,905,aaa905
906,33,bobby,906,aaa906
907,33,bobby,907,aaa907
908,33,bobby,908,aaa908
909,33,bobby,909,aaa909
910,33,bobby,910,aaa910
911,33,bobby,911,aaa911
912,33,bobby,912,aaa912
913,33,bobby,913,aaa913
914,33,bobby,914,aaa914
915,33,bobby,915,aaa915
916,33,bobby,916,aaa916
917,33,bobby,917,aaa917
918,33,bobby,918,aaa918
919,33,bobby,919,aaa919
920,33,bobby,920,aaa920
921,33,bobby,921,aaa921
922,33,bobby,922,aaa922
923,33,bobby,923,aaa923
924,33,bobby,924,aaa924
925,33,bobby,925,aaa925
926,33,bobby,926,aaa926
927,33,bobby,927,aaa927
928,33,bobby,928,aaa928
929,33,bobby,929,aaa929
930,33,bobby,930,aaa930
931,33,bobby,931,aaa931
932,33,bobby,932,aaa932
933,33,bobby,933,aaa933
934,33,bobby,934,aaa934
935,33,bobby,935,aaa935
936,33,bobby,936,aaa936
937,33,bobby,937,aaa937
938,33,bobby,938,aaa938
939,33,bobby,939,aaa939
940,33,bobby,940,aaa940
941,33,bobby,941,aaa941
942,33,bobby,942,aaa942
943,33,bobby,943,aaa943
944,33,bobby,944,aaa944
945,33,bobby,945,aaa945
946,33,bobby,946,aaa946
947,33,bobby,947,aaa947
948,33,bobby,948,aaa948
949,33,bobby,949,aaa949
950,33,bobby,950,aaa950
951,33,bobby,951,aaa951
952,33,bobby,952,aaa952
953,33,bobby,953,aaa953
954,33,bobby,954,aaa954
955,33,bobby,955,aaa955
956,33,bobby,956,aaa956
957,33,bobby,957,aaa957
958,33,bobby,958,aaa958
959,33,bobby,959,aaa959
960,33,bobby,960,aaa960
961,33,bobby,961,aaa961
962,33,bobby,962,aaa962
963,33,bobby,963,aaa963
964,33,bobby,964,aaa964
965,33,bobby,965,aaa965
966,33,bobby,966,aaa966
967,33,bobby,967,aaa967
968,33,bobby,968,aaa968
969,33,bobby,969,aaa969
970,33,bobby,970,aaa970
971,33,bobby,971,aaa971
972,33,bobby,972,aaa972
973,33,bobby,973,aaa973
974,33,bobby,974,aaa974
975,33,bobby,975,aaa975
976,33,bobby,976,aaa976
977,33,bobby,977,aaa977
978,33,bobby,978,aaa978
979,33,bobby,979,aaa979
980,33,bobby,980,aaa980
981,33,bobby,981,aaa981
982,33,bobby,982,aaa982
983,33,bobby,983,aaa983
984,33,bobby,984,aaa984
985,33,bobby,985,aaa985
986,33,bobby,986,aaa986
987,33,bobby,987,aaa987
988,33,bobby,988,aaa988
989,33,bobby,989,aaa989
990,33,bobby,990,aaa990
991,33,bobby,991,aaa991
992,33,bobby,992,aaa992
993,33,bobby,993,aaa993
994,33,bobby,994,aaa994
995,33,bobby,995,aaa995
996,33,bobby,996,aaa996
997,33,bobby,997,aaa997
998,33,bobby,998,aaa998
999,33,bobby,999,aaa999
1000,33,bobby,1000,aaa1000
